device,mean_time,std_time,ci95_time,mean_tokens_per_second,std_tokens_per_second,ci95_tokens_per_second,executions
cpu,1.953668236610008,0.9954616463915975,0.197521187334695,25.883019328253585,6.205411198228318,1.2312882090606432,100
cuda,0.32327739392000693,0.28198106056356687,0.0559511600374626,173.5474631026675,41.19902994069328,8.174781359403735,100
